Colorcode,beeld,aantal
Rol 200 | 4251530210773,202019606_layout_200.pdf,107
Rol 201 | 4251530210780,202019606_layout_201.pdf,54
Rol 202 | 4251530210797,202019606_layout_202.pdf,54
Rol 203 | 4251530212029,202019606_layout_203.pdf,482
Rol 204 | 4251530212036,202019606_layout_204.pdf,482
Rol 205 | 4251530212043,202019606_layout_205.pdf,321
Rol 206 | 4251530212050,202019606_layout_206.pdf,161
Rol 207 | 4251530212067,202019606_layout_207.pdf,803
Rol 208 | 4251530212074,202019606_layout_208.pdf,803
Rol 209 | 4251530212081,202019606_layout_209.pdf,321
Rol 210 | 4251530212098,202019606_layout_210.pdf,321
Rol 211 | 4251530212142,202019606_layout_211.pdf,803
Rol 212 | 4251530212159,202019606_layout_212.pdf,803
Rol 213 | 4251530212166,202019606_layout_213.pdf,321
Rol 214 | 4251530212173,202019606_layout_214.pdf,321
